{
  "version": 1,
  "author": "Anonymous maker",
  "editor": "wokwi",
  "parts": [
    {
      "type": "wokwi-breadboard-half",
      "id": "bb1",
      "top": 15.3,
      "left": -25.5,
      "rotate": 90,
      "attrs": {}
    },
    { "type": "board-esp32-devkit-c-v4", "id": "esp", "top": 0, "left": -110.36, "attrs": {} },
    {
      "type": "wokwi-led",
      "id": "led1",
      "top": 27.6,
      "left": 121.8,
      "rotate": 90,
      "attrs": { "color": "red" }
    },
    {
      "type": "wokwi-resistor",
      "id": "r1",
      "top": 42.35,
      "left": 48,
      "attrs": { "value": "330" }
    }
  ],
  "connections": [
    [ "esp:TX", "$serialMonitor:RX", "", [] ],
    [ "esp:RX", "$serialMonitor:TX", "", [] ],
    [ "led1:A", "bb1:9b.f", "", [ "$bb" ] ],
    [ "led1:C", "bb1:8b.f", "", [ "$bb" ] ],
    [ "r1:1", "bb1:bn.6", "", [ "$bb" ] ],
    [ "r1:2", "bb1:8b.h", "", [ "$bb" ] ],
    [ "esp:GND.2", "bb1:bn.5", "black", [ "v0" ] ],
    [ "esp:3V3", "bb1:bp.1", "green", [ "h0.15", "v-38.4" ] ],
    [ "esp:5", "bb1:9b.i", "green", [ "h28.8", "v-57.6" ] ]
  ],
  "dependencies": {}
}